name	smarts	keep_atoms	add_atoms	protected_smiles	cleaved_smiles	decoys	policy	decoy_scope
hydroxyl_thiocarbamate	[O;D2;+0:1]-;!@[C;y3;z2;+0](=[S;D1;+0])[N;D3;y0;+0]([C;D1;+0])[C;D1;+0]	[1]	[]	CC(C)OC(=S)N(C)C	CC(C)O	[]	conservative	per_rule
hydroxyl_fmoc	[O;D2;+0:1]-;!@[C;z2;y3;+0](=[O;+0])[O;D2;y0;+0]-[C;D2;y1;z1;+0][C;D3;z1;y0;r5;+0]1[C;a;r6;+0]:2:[C;D2;+0]:[C;D2;+0]:[C;D2;+0]:[C;D2;+0]:[C;D3;+0]:2-[C;a;r6;+0]:3:[C;D2;+0]:[C;D2;+0]:[C;D2;+0]:[C;D2;+0]:[C;+0]1:3	[1]	[]	CC(C)OC(=O)OCC1C2=CC=CC=C2C2=C1C=CC=C2	CC(C)O	[]	conservative	per_rule
hydroxyl_troc	[O;D2;+0:1]-;!@[C;z2;y3;+0](=[O;+0])[O;D2;y0;+0]-[C;D2;+0][C;D4;y3;+0]([Cl;D1;+0])([Cl;D1;+0])[Cl;D1;+0]	[1]	[]	CC(C)OC(=O)OCC(Cl)(Cl)Cl	CC(C)O	[]	conservative	per_rule
hydroxyl_teoc	[O;D2;+0:1]-;!@[C;z2;y3;+0](=[O;+0])[O;D2;y0;+0]-[C;D2;z1;y1;+0][C;D2;y1;z1;+0][Si;D4;z1;y0;+0]([C;D1;+0])([C;D1;+0])[C;D1;+0]	[1]	[]	CC(C)OC(=O)OCC[Si](C)(C)C	CC(C)O	[]	conservative	per_rule
hydroxyl_alloc	[O;D2;+0:1]-;!@[C;z2;y3;+0](=[O;+0])[O;D2;y0;+0]-[C;D2;z1;y1;+0][C;D2;y0;z2;+0]=[C;D1;+0]	[1]	[]	CC(C)OC(=O)OCC=C	CC(C)O	[]	conservative	per_rule
hydroxyl_tms	[O;D2;+0:1]-;!@[Si;D4;z1;y1;+0]([C;D1;+0])([C;D1;+0])[C;D1;+0]	[1]	[]	CC(C)O[Si](C)(C)C	CC(C)O	"[""CC(C)O[SiH](C)C"",""CC(C)O[Si](C)(C)OC"",""CC(C)O[Si](C)(C)CC""]"	conservative	per_rule
hydroxyl_tes	[O;D2;+0:1]-;!@[Si;D4;z1;y1;+0]([C;D2;y1;z1;+0][C;D1;+0])([C;D2;y1;z1;+0][C;D1;+0])[C;D2;y1;z1;+0][C;D1;+0]	[1]	[]	CC(C)O[Si](CC)(CC)CC	CC(C)O	"[""CC(C)O[SiH](C)C"",""CC(C)O[Si](C)(C)OC""]"	conservative	per_rule
hydroxyl_tbs	[O;D2;+0:1]-;!@[Si;D4;z1;y1;+0]([C;D1;+0])([C;D1;+0])[C;D4;y1;z1;+0]([C;D1;+0])([C;D1;+0])[C;D1;+0]	[1]	[]	CC(C)O[Si](C)(C)C(C)(C)C	CC(C)O	"[""CC(C)O[SiH](C)C"",""CC(C)O[Si](C)(C)OC""]"	conservative	per_rule
hydroxyl_tips	[O;D2;+0:1]-;!@[Si;D4;z1;y1;+0]([C;D3;z1;y1;+0]([C;D1;+0])[C;D1;+0])([C;D3;z1;y1;+0]([C;D1;+0])[C;D1;+0])[C;D3;z1;y1;+0]([C;D1;+0])[C;D1;+0]	[1]	[]	CC(C)O[Si](C(C)C)(C(C)C)C(C)C	CC(C)O	"[""CC(C)O[SiH](C)C"",""CC(C)O[Si](C)(C)OC""]"	conservative	per_rule
hydroxyl_tbdps	[O;D2;+0:1]-;!@[Si;D4;z1;y1;+0]([C;a;r6;+0]:1:[C;D2;+0]:[C;D2;+0]:[C;D2;+0]:[C;D2;+0]:[C;D2;+0]:1)([C;a;r6;+0]:1:[C;D2;+0]:[C;D2;+0]:[C;D2;+0]:[C;D2;+0]:[C;D2;+0]:1)[C;D4;y1;z1;+0]([C;D1;+0])([C;D1;+0])[C;D1;+0]	[1]	[]	CC(C)O[Si](c1ccccc1)(c1ccccc1)C(C)(C)C	CC(C)O	"[""CC(C)O[SiH](C)C"",""CC(C)O[Si](c1ccc(C)cc1)(c1ccccc1)C(C)(C)C""]"	conservative	per_rule
hydroxyl_o_nitrobenzyl	[O;D2;+0:1]-;!@[C;D2;z1;y1;+0]-[C;a;r6;+0]:1:[C;D3;y1;+0]([N+](=[O;+0])[O-]):[C;D2;+0]:[C;D2;+0]:[C;D2;+0]:[C;D2;+0]:1	[1]	[]	CC(C)OCc1c(N(=O)=O)cccc1	CC(C)O	"[""CC(C)OC(OC)c1c(N(=O)=O)cccc1""]"	conservative	per_rule
hydroxyl_methoxy_benzyl	[O;D2;+0:1]-;!@[C;D2;z1;y1;+0]-[C;a;r6;+0]:1:[C;D2;+0]:[C;D2;+0]:[C;D3;y1;+0]([O;D2;y0;+0][C;D1;+0]):[C;D2;+0]:[C;D2;+0]:1	[1]	[]	CC(C)OCc1ccc(OC)cc1	CC(C)O	"[""CC(C)OCc1ccc(OCC)cc1"",""CC(C)OCc1cc(OC)ccc1""]"	conservative	per_rule
hydroxyl_dimethoxybenzyl	[O;D2;+0:1]-;!@[C;D2;z1;y1;+0]-[C;a;r6;+0]:1:[C;D3;y1;+0]([O;D2;y0;+0][C;D1;+0]):[C;D2;+0]:[C;D3;y1;+0]([O;D2;y0;+0][C;D1;+0]):[C;D2;+0]:[C;D2;+0]:1	[1]	[]	CC(C)OCc1c(OC)cc(OC)cc1	CC(C)O	[]	conservative	per_rule
hydroxyl_naphthyl	[O;D2;+0:1]-;!@[C;D2;z1;y1;+0]-[C;a;r6;+0]:1:[C;D2;+0]:[C;D3;+0]:2:[C;D2;+0]:[C;D2;+0]:[C;D2;+0]:[C;D2;+0]:[C;D3;+0]:2:[C;D2;+0]:[C;D2;+0]:1	[1]	[]	CC(C)OCC1=CC2=C(C=CC=C2)C=C1	CC(C)O	"[""CC(C)OCc1ccccc1""]"	conservative	per_rule
hydroxyl_bom	[O;D2;+0:1]-;!@[C;D2;y2;z1;+0][O;D2;y0;+0][C;D2;z1;y1;+0]-[C;a;r6;+0]:1:[C;D2;+0]:[C;D2;+0]:[C;D2;+0]:[C;D2;+0]:[C;D2;+0]:1	[1]	[]	CC(C)OCOCc1ccccc1	CC(C)O	[]	conservative	per_rule
hydroxyl_piv	[O;D2;+0:1]-;!@[C;z2;y2;+0](=[O;+0])-[C;D4;y0;z1;+0]([C;D1;+0])([C;D1;+0])[C;D1;+0]	[1]	[]	CC(C)OC(=O)C(C)(C)C	CC(C)O	[]	conservative	per_rule
hydroxyl_methoxy_benzoate	[O;D2;+0:1]-;!@[C;z2;y2;+0](=[O;+0])-[C;a;r6;+0]:1:[C;D2;+0]:[C;D2;+0]:[C;D3;y1;+0]([O;D2;y0;+0][C;D1;+0]):[C;D2;+0]:[C;D2;+0]:1	[1]	[]	COC1=CC=C(C=C1)C(=O)OC(C)C	CC(C)O	"[""C1=CC=C(C=C1)C(=O)OC(C)C""]"	aggressive	per_rule
hydroxyl_benzoate	[O;D2;+0:1]-;!@[C;z2;y2;+0](=[O;+0])-[C;a;r6;+0]:1:[C;D2;+0]:[C;D2;+0]:[C;D2;+0]:[C;D2;+0]:[C;D2;+0]:1	[1]	[]	C1=CC=C(C=C1)C(=O)OC(C)C	CC(C)O	"[""COC1=CC=C(C=C1)C(=O)OC(C)C""]"	aggressive	per_rule
hydroxyl_tfa	[O;D2;+0:1]-;!@[C;z2;y2;+0](=[O;+0])-[C;D4;z1;y3;+0]([F;+0])([F;+0])[F;+0]	[1]	[]	CC(C)OC(=O)C(F)(F)F	CC(C)O	[]	conservative	per_rule
hydroxyl_mom	[O;D2;+0:1]-;!@[C;D2;y2;z1;+0][O;D2;y0;+0][C;D1;+0]	[1]	[]	CC(C)OCOC	CC(C)O	"[""CC(C)OC(C)OC""]"	conservative	per_rule
hydroxyl_mem	[O;D2;+0:1]-;!@[C;D2;y2;z1;+0][O;D2;y0;+0][C;D2;z1;y1;+0][C;D2;z1;y1;+0][O;D2;y0;+0][C;D1;+0]	[1]	[]	COCCOCOC(C)C	CC(C)O	[]	conservative	per_rule
hydroxyl_thp	[O;D2;+0:1]-;!@[C;D3;y2;z1;r6;+0]1[O;D2;+0][C;D2;+0][C;D2;+0][C;D2;+0][C;D2;+0]1	[1]	[]	CC(C)OC1CCCCO1	CC(C)O	[]	conservative	per_rule
hydroxyl_ee	[O;D2;+0:1]-;!@[C;D3;y2;z1;+0]([O;D2;y0;+0][C;D2;y1;z1;+0][C;D1;+0])[C;D1;+0]	[1]	[]	CC(C)OC(C)OCC	CC(C)O	"[""CC(C)OC(CC)OCC""]"	conservative	per_rule
hydroxyl_mop	[O;D2;+0:1]-;!@[C;D4;y2;z1;+0]([O;D2;y0;+0][C;D1;+0])([C;D1;+0])[C;D1;+0]	[1]	[]	CC(C)OC(C)(C)OC	CC(C)O	[]	conservative	per_rule
hydroxyl_sem	[O;D2;+0:1]-;!@[C;D2;y2;z1;+0][O;D2;y0;+0][C;D2;z1;y1;+0][C;D2;z1;y1;+0][Si;D4;z1;y0;+0]([C;D1;+0])([C;D1;+0])[C;D1;+0]	[1]	[]	CC(C)OCOCC[Si](C)(C)C	CC(C)O	[]	conservative	per_rule
hydroxyl_tritil	[O;D2;+0:1]-;!@[C;D4;z1;y1;+0](-[C;a;r6;+0]:1:[C;D2;+0]:[C;D2;+0]:[C;D2;+0]:[C;D2;+0]:[C;D2;+0]:1)(-[C;a;r6;+0]:1:[C;D2;+0]:[C;D2;+0]:[C;D2;+0]:[C;D2;+0]:[C;D2;+0]:1)-[C;a;r6;+0]:1:[C;D2;+0]:[C;D2;+0]:[C;D2;+0]:[C;D2;+0]:[C;D2;+0]:1	[1]	[]	CC(C)OC(c1ccccc1)(c1ccccc1)c1ccccc1	CC(C)O	"[""COc1ccc(cc1)C(OC(C)C)(c1ccccc1)c1ccc(OC)cc1""]"	conservative	per_rule
hydroxyl_dimetoxy_tritil	[O;D2;+0:1]-;!@[C;D4;z1;y1;+0](-[C;a;r6;+0]:1:[C;D2;+0]:[C;D2;+0]:[C;D3;y1;+0]([O;D2;y0;+0][C;D1;+0]):[C;D2;+0]:[C;D2;+0]:1)(-[C;a;r6;+0]:1:[C;D2;+0]:[C;D2;+0]:[C;D3;y1;+0]([O;D2;y0;+0][C;D1;+0]):[C;D2;+0]:[C;D2;+0]:1)-[C;a;r6;+0]:1:[C;D2;+0]:[C;D2;+0]:[C;D2;+0]:[C;D2;+0]:[C;D2;+0]:1	[1]	[]	COc1ccc(cc1)C(OC(C)C)(c1ccccc1)c1ccc(OC)cc1	CC(C)O	"[""CC(C)OC(c1ccccc1)(c1ccccc1)c1ccccc1""]"	conservative	per_rule
hydroxyl_chloro_tritil	[O;D2;+0:1]-;!@[C;D4;z1;y1;+0](-[C;a;r6;+0]:1:[C;D3;y1;+0]([Cl;D1;+0]):[C;D2;+0]:[C;D2;+0]:[C;D2;+0]:[C;D2;+0]:1)(-[C;a;r6;+0]:1:[C;D2;+0]:[C;D2;+0]:[C;D2;+0]:[C;D2;+0]:[C;D2;+0]:1)-[C;a;r6;+0]:1:[C;D2;+0]:[C;D2;+0]:[C;D2;+0]:[C;D2;+0]:[C;D2;+0]:1	[1]	[]	CC(C)OC(c1c(Cl)cccc1)(c1ccccc1)c1ccccc1	CC(C)O	[]	conservative	per_rule
hydroxyl_mmt	[O;D2;+0:1]-;!@[C;D4;z1;y1;+0](-[C;a;r6;+0]:1:[C;D2;+0]:[C;D2;+0]:[C;D3;y1;+0]([O;D2;y0;+0][C;D1;+0]):[C;D2;+0]:[C;D2;+0]:1)(-[C;a;r6;+0]:1:[C;D2;+0]:[C;D2;+0]:[C;D2;+0]:[C;D2;+0]:[C;D2;+0]:1)-[C;a;r6;+0]:1:[C;D2;+0]:[C;D2;+0]:[C;D2;+0]:[C;D2;+0]:[C;D2;+0]:1	[1]	[]	c1ccc(cc1)C(OC(C)C)(c1ccccc1)c1ccc(OC)cc1	CC(C)O	"[""CC(C)OC(c1ccccc1)(c1ccccc1)c1ccccc1""]"	conservative	per_rule
hydroxyl_mpe	[O;D2;+0:1]-;!@[C;D4;y1;z1;+0]([C;D1;+0])([C;D2;y0;z1;+0][C;D1;+0])[C;D2;y0;z1;+0][C;D1;+0]	[1]	[]	CC(C)OC(CC)(CC)C	CC(C)O	[]	conservative	per_rule
hydroxyl_trifluoroethyl	[O;D2;+0:1]-;!@[C;D2;y1;z1;+0][C;D4;y3;z1;+0]([F;+0])([F;+0])[F;+0]	[1]	[]	CC(C)OCC(F)(F)F	CC(C)O	[]	conservative	per_rule
hydroxyl_dmab_enamine	[O;D2;+0:1]-;!@[C;D2;y1;z1;+0]-[C;a;r6;+0]:1:[C;D2;+0]:[C;D2;+0]:[C;D3;y1;+0](:[C;D2;+0]:[C;D2;+0]:1)-[N;D2;y0;z1;+0]-[C;z2;y1;D3;+0]([C;D2;y0;z1;+0][C;D3;y0;z1;+0]([C;D1;+0])[C;D1;+0])=[C;D3;r6;y0;z2;+0]1[C;y1;z2;D3;+0](=[O;+0])[C;D2;+0][C;D4;y0;z1;+0]([C;D1;+0])([C;D1;+0])[C;D2;+0][C;D3;y1;z2;+0]1=[O;+0]	[1]	[]	CC(C)CC(NC1=CC=C(COC(C)=O)C=C1)=C1C(=O)CC(C)(C)CC1=O	CC(O)=O	[]	conservative	per_rule
hydroxyl_dmab_imine	[O;D2;+0:1]-;!@[C;D2;y1;z1;+0]-[C;a;r6;+0]:1:[C;D2;+0]:[C;D2;+0]:[C;D3;y1;+0](:[C;D2;+0]:[C;D2;+0]:1)-[N;D2;y0;z2;+0]=[C;y1;D3;+0]([C;D2;y0;z1;+0][C;D3;y0;z1;+0]([C;D1;+0])[C;D1;+0])-[C;D3;r6;y0;z1;+0]1[C;y1;z2;D3;+0](=[O;+0])[C;D2;+0][C;D4;y0;z1;+0]([C;D1;+0])([C;D1;+0])[C;D2;+0][C;D3;y1;z2;+0]1=[O;+0]	[1]	[]	CC(C)CC(=NC1=CC=C(COC(C)=O)C=C1)C1C(=O)CC(C)(C)CC1=O	CC(O)=O	[]	conservative	per_rule
diol_12_acetone	[O;D2;y0;r5;+0:1]1-;@[C;D4;y2;z1;+0]([C;D1;+0])([C;D1;+0])-[O;D2;y0;+0:2][C;+0:3]!#[C;+0:4]1	[1,2,3,4]	[]	CC1COC(C)(C)O1	CC(O)CO	[]	conservative	per_rule
diol_13_acetone	[O;D2;y0;r6;+0:1]1-;@[C;D4;y2;z1;+0]([C;D1;+0])([C;D1;+0])-[O;D2;y0;+0:2][C;+0:3][C;+0:4]!#[C;+0:5]1	[1,2,3,4,5]	[]	CC1CCOC(C)(C)O1	CC(O)CCO	[]	conservative	per_rule
hydroxyl_amine_acetone	[O;D2;y0;r5;+0:1]1-;@[C;D4;y2;z1;+0]([C;D1;+0])([C;D1;+0])-[N;z1;+0:2][C;+0:3]!#[C;+0:4]1	[1,2,3,4]	[]	CC1CN(C(C)=O)C(C)(C)O1	CC(O)CNC(C)=O	[]	conservative	per_rule
diol_12_formalin	[O;D2;y0;r5;+0:1]1-;@[C;D2;y2;z1;+0]-[O;D2;y0;+0:2][C;+0:3]!#[C;+0:4]1	[1,2,3,4]	[]	CC1COCO1	CC(O)CO	[]	conservative	per_rule
diol_13_formalin	[O;D2;y0;r6;+0:1]1-;@[C;D2;y2;z1;+0]-[O;D2;y0;+0:2][C;+0:3][C;+0:4]!#[C;+0:5]1	[1,2,3,4,5]	[]	CC1CCOCO1	CC(O)CCO	[]	conservative	per_rule
diol_12_cyclopentanone	[O;D2;y0;r5;+0:1]1-;@[C;D4;y2;z1;+0]2([C;D2;y0;z1;+0][C;D2;y0;z1;+0][C;D2;y0;z1;+0][C;D2;y0;z1;+0]2)-[O;D2;y0;+0:2][C;+0:3]!#[C;+0:4]1	[1,2,3,4]	[]	CC1COC2(CCCC2)O1	CC(O)CO	[]	conservative	per_rule
diol_13_cyclopentanone	[O;D2;y0;r6;+0:1]1-;@[C;D4;y2;z1;+0]2([C;D2;y0;z1;+0][C;D2;y0;z1;+0][C;D2;y0;z1;+0][C;D2;y0;z1;+0]2)-[O;D2;y0;+0:2][C;+0:3][C;+0:4]!#[C;+0:5]1	[1,2,3,4,5]	[]	CC1CCOC2(CCCC2)O1	CC(O)CCO	[]	conservative	per_rule
diol_12_cyclohexanone	[O;D2;y0;r5;+0:1]1-;@[C;D4;y2;z1;+0]2([C;D2;y0;z1;+0][C;D2;y0;z1;+0][C;D2;y0;z1;+0][C;D2;y0;z1;+0][C;D2;y0;z1;+0]2)-[O;D2;y0;+0:2][C;+0:3]!#[C;+0:4]1	[1,2,3,4]	[]	CC1COC2(CCCCC2)O1	CC(O)CO	[]	conservative	per_rule
diol_13_cyclohexanone	[O;D2;y0;r6;+0:1]1-;@[C;D4;y2;z1;+0]2([C;D2;y0;z1;+0][C;D2;y0;z1;+0][C;D2;y0;z1;+0][C;D2;y0;z1;+0][C;D2;y0;z1;+0]2)-[O;D2;y0;+0:2][C;+0:3][C;+0:4]!#[C;+0:5]1	[1,2,3,4,5]	[]	CC1CCOC2(CCCCC2)O1	CC(O)CCO	[]	conservative	per_rule
diol_12_diacetal	[O;D2;y0;r6;+0:1]1-;@[C;D4;y2;z1;+0]([O;D2;y0;+0][C;D1;+0])([C;D1;+0])[C;D4;y2;z1;+0]([O;D2;y0;+0][C;D1;+0])([C;D1;+0])-[O;D2;y0;+0:2][C;+0:3]!#[C;+0:4]1	[1,2,3,4]	[]	COC1(C)OCC(C)OC1(C)OC	CC(O)CO	[]	conservative	per_rule
diol_13_diacetal	[O;D2;y0;r7;+0:1]1-;@[C;D4;y2;z1;+0]([O;D2;y0;+0][C;D1;+0])([C;D1;+0])[C;D4;y2;z1;+0]([O;D2;y0;+0][C;D1;+0])([C;D1;+0])-[O;D2;y0;+0:2][C;+0:3][C;+0:4]!#[C;+0:5]1	[1,2,3,4,5]	[]	COC1(C)OCCC(C)OC1(C)OC	CC(O)CCO	[]	conservative	per_rule
diol_12_benzylidene	[O;D2;y0;r5;+0:1]1-;@[C;D3;y2;z1;+0]([C;a;r6;+0]:2:[C;D2;+0]:[C;D2;+0]:[C;D2;+0]:[C;D2;+0]:[C;D2;+0]:2)-[O;D2;y0;+0:2][C;+0:3]!#[C;+0:4]1	[1,2,3,4]	[]	CC1COC(O1)c1ccccc1	CC(O)CO	[]	conservative	per_rule
diol_13_benzylidene	[O;D2;y0;r6;+0:1]1-;@[C;D3;y2;z1;+0]([C;a;r6;+0]:2:[C;D2;+0]:[C;D2;+0]:[C;D2;+0]:[C;D2;+0]:[C;D2;+0]:2)-[O;D2;y0;+0:2][C;+0:3][C;+0:4]!#[C;+0:5]1	[1,2,3,4,5]	[]	CC1CCOC(O1)c1ccccc1	CC(O)CCO	[]	conservative	per_rule
carbonyl_dithiolane	[C;D3,D4;z1;y2;r5;+0:1]1[S;D2;y0;z1;+0][C;D2;y1;z1;+0][C;D2;y1;z1;+0][S;D2;y0;z1;+0]1	[1]	"[[1,""O"",2]]"	CC1SCCS1	CC=O	[]	conservative	per_rule
carbonyl_dithiane	[C;D3,D4;z1;y2;r6;+0:1]1[S;D2;y0;z1;+0][C;D2;y1;z1;+0][C;D2;y0;z1;+0][C;D2;y1;z1;+0][S;D2;y0;z1;+0]1	[1]	"[[1,""O"",2]]"	CC1SCCCS1	CC=O	[]	conservative	per_rule
carbonyl_dimethylsulfide	[C;D3,D4;z1;y2;+0:1](-;!@[S;D2;+0][C;D1;+0])-;!@[S;D2;+0][C;D1;+0]	[1]	"[[1,""O"",2]]"	CSC(CC)SC	CCC=O	[]	conservative	per_rule
carbonyl_dioxolane	[C;D3,D4;z1;y2;r5;+0:1]1[O;D2;y0;+0][C;D2;y1;z1;+0][C;D2;y1;z1;+0][O;D2;y0;+0]1	[1]	"[[1,""O"",2]]"	CC1OCCO1	CC=O	[]	conservative	per_rule
carbonyl_dioxane	[C;D3,D4;z1;y2;r6;+0:1]1[O;D2;y0;+0][C;D2;y1;z1;+0][C;D2;y0;z1;+0][C;D2;y1;z1;+0][O;D2;y0;+0]1	[1]	"[[1,""O"",2]]"	CC1OCCCO1	CC=O	[]	conservative	per_rule
carbonyl_dimethoxy	[C;D3,D4;z1;y2;+0:1](-;!@[O;D2;y0;+0][C;D1;+0])-;!@[O;D2;y0;+0][C;D1;+0]	[1]	"[[1,""O"",2]]"	COC(C)OC	CC=O	[]	conservative	per_rule
carboxyl_trioxabicyclooctane	[C;D4;y3;r6;+0:1]12-;@[O;D2;+0][C;D2;y1;z1;+0][C;D4;y0;z1;+0]([C;D1;+0])([C;D2;y1;z1;+0][O;D2;+0]1)[C;D2;y1;z1;+0][O;D2;+0]2	[1]	"[[1,""O"",2],[1,""O"",1]]"	CC(C)C12OCC(C)(CO1)CO2	CC(C)C(O)=O	"[""CC(C)C12OCC(CC)(CO1)CO2"",""CC(C)C12OC(C)C(C)(CO1)CO2""]"	conservative	per_rule
amine_methylcarbamate	[N;D2,D3;+0:1]-;!@[C;z2;y3;+0](=[O;+0])[O;D2;y0;+0][C;D1;+0]	[1]	[]	c1ccccc1NC(=O)OC	c1ccccc1N	"[""c1ccccc1NC(=O)OCC""]"	conservative	per_rule
amine_ethylcarbamate	[N;D2,D3;+0:1]-;!@[C;z2;y3;+0](=[O;+0])[O;D2;y0;+0][C;D2;y1;z1;+0][C;D1;+0]	[1]	[]	c1ccccc1NC(=O)OCC	c1ccccc1N	[]	conservative	per_rule
amine_alloc	[N;D2,D3;+0:1]-;!@[C;z2;y3;+0](=[O;+0])[O;D2;y0;+0]-[C;D2;z1;y1;+0][C;D2;y0;z2;+0]=[C;D1;+0]	[1]	[]	c1ccccc1NC(=O)OCC=C	c1ccccc1N	"[""c1ccccc1NC(=O)OCC=CC""]"	conservative	per_rule
amine_teoc	[N;D2,D3;+0:1]-;!@[C;z2;y3;+0](=[O;+0])[O;D2;y0;+0]-[C;D2;z1;y1;+0][C;D2;y1;z1;+0][Si;D4;z1;y0;+0]([C;D1;+0])([C;D1;+0])[C;D1;+0]	[1]	[]	c1ccccc1NC(=O)OCC[Si](C)(C)C	c1ccccc1N	[]	conservative	per_rule
amine_sem	[N;D2,D3;+0:1]-;!@[C;D2;y2;z1;+0][O;D2;y0;+0]-[C;D2;z1;y1;+0][C;D2;y1;z1;+0][Si;D4;z1;y0;+0]([C;D1;+0])([C;D1;+0])[C;D1;+0]	[1]	[]	CN(C)COCC[Si](C)(C)C	CNC	[]	conservative	per_rule
amine_troc	[N;D2,D3;+0:1]-;!@[C;z2;y3;+0](=[O;+0])[O;D2;y0;+0]-[C;D2;+0][C;D4;y3;+0]([Cl;D1;+0])([Cl;D1;+0])[Cl;D1;+0]	[1]	[]	c1ccccc1NC(=O)OCC(Cl)(Cl)Cl	c1ccccc1N	"[""c1ccccc1NC(=O)OC(C)C(Cl)(Cl)Cl""]"	conservative	per_rule
amine_cbz	[N;D2,D3;+0:1]-;!@[C;z2;y3;+0](=[O;+0])-[O;D2;y0;+0][C;D2;y1;z1;+0][C;a;r6;+0]:1:[C;D2;+0]:[C;D2;+0]:[C;D2;+0]:[C;D2;+0]:[C;D2;+0]:1	[1]	[]	c1ccccc1NC(=O)OCc2ccccc2	c1ccccc1N	"[""c1ccccc1NC(=O)OC(C)c2ccccc2""]"	conservative	per_rule
amine_chloro_cbz	[N;D2,D3;+0:1]-;!@[C;z2;y3;+0](=[O;+0])-[O;D2;y0;+0][C;D2;y1;z1;+0][C;a;r6;+0]:1:[C;D3;y1;+0]([Cl;D1;+0]):[C;D2;+0]:[C;D2;+0]:[C;D2;+0]:[C;D2;+0]:1	[1]	[]	Clc1ccccc1COC(=O)Nc1ccccc1	c1ccccc1N	"[""c1ccccc1NC(=O)OC(C)c2ccccc2""]"	conservative	per_rule
amine_phenylsulfonyl	[N;D2,D3;+0:1]-;!@[S;D4;y3;+0](=[O;+0])(=[O;+0])-[C;a;r6;+0]:1:[C;D2;+0]:[C;D2;+0]:[C;D2;+0]:[C;D2;+0]:[C;D2;+0]:1	[1]	[]	c1ccccc1S(=O)(=O)Nc1ccccc1	c1ccccc1N	[]	conservative	per_rule
amine_tosyl	[N;D2,D3;+0:1]-;!@[S;D4;y3;+0](=[O;+0])(=[O;+0])-[C;a;r6;+0]:1:[C;D2;+0]:[C;D2;+0]:[C;D3;y0;+0]([C;D1;+0]):[C;D2;+0]:[C;D2;+0]:1	[1]	[]	Cc1ccc(cc1)S(=O)(=O)Nc1ccccc1	c1ccccc1N	[]	conservative	per_rule
amine_nosyl	[N;D2,D3;+0:1]-;!@[S;D4;y3;+0](=[O;+0])(=[O;+0])-[C;a;r6;+0]:1:[C;D3;y1;+0]([N+](=[O;+0])[O-]):[C;D2;+0]:[C;D2;+0]:[C;D2;+0]:[C;D2;+0]:1	[1]	[]	[O-][N+](=O)c1ccccc1S(=O)(=O)Nc1ccccc1	c1ccccc1N	[]	conservative	per_rule
amine_boc	[N;D2,D3;+0:1]-;!@[C;z2;y3;+0](=[O;+0])-[O;D2;y0;+0]-[C;D4;y1;z1;+0]([C;D1;+0])([C;D1;+0])[C;D1;+0]	[1]	[]	c1ccccc1NC(=O)OC(C)(C)C	c1ccccc1N	[]	conservative	per_rule
amine_tfa	[N;D2,D3;+0:1]-;!@[C;z2;y2;+0](=[O;+0])-[C;D4;z1;y3;+0]([F;+0])([F;+0])[F;+0]	[1]	[]	CNC(=O)C(F)(F)F	CN	[]	conservative	per_rule
amine_fmoc	[N;D2,D3;+0:1]-;!@[C;z2;y3;+0](=[O;+0])[O;D2;y0;+0]-[C;D2;y1;z1;+0][C;D3;z1;y0;r5;+0]1[C;a;r6;+0]:2:[C;D2;+0]:[C;D2;+0]:[C;D2;+0]:[C;D2;+0]:[C;D3;+0]:2-[C;a;r6;+0]:3:[C;D2;+0]:[C;D2;+0]:[C;D2;+0]:[C;D2;+0]:[C;+0]1:3	[1]	[]	O=C(Nc1ccccc1)OCC1c2ccccc2-c2ccccc12	c1ccccc1N	[]	conservative	per_rule
amine_pbf	[N;D2,D3;+0:1]-;!@[S;D4;y3;+0](=[O;+0])(=[O;+0])-[C;a;r6;+0]:1:[C;D3;y0;+0]([C;D1;+0]):[C;D3;y0;+0]([C;D1;+0]):[C;D3;y1;+0]:2-[O;D2;y0;r5;+0][C;D4;y1;+0]([C;D1;+0])([C;D1;+0])[C;D2;y0;z1;+0][C;D3;+0]:2:[C;D3;y0;+0]([C;D1;+0]):1	[1]	[]	CN(C)S(=O)(=O)c1c(C)c2CC(C)(C)Oc2c(C)c1C	CNC	[]	conservative	per_rule
amine_mtr	[N;D2,D3;+0:1]-;!@[S;D4;y3;+0](=[O;+0])(=[O;+0])-[C;a;r6;+0]:1:[C;D3;y0;+0]([C;D1;+0]):[C;D3;y0;+0]([C;D1;+0]):[C;D3;y1;+0](-;!@[O;D2;y0;+0][C;D1;+0]):[C;D2;+0]:[C;D3;y0;+0]([C;D1;+0]):1	[1]	[]	COC1=C(C)C(C)=C(C(C)=C1)S(=O)(=O)N(C)C	CNC	[]	conservative	per_rule
amine_dde_enamine	[N;D2,D3;+0:1]-;!@[C;z2;y1;D3;+0]([C;D1;+0])=[C;D3;r6;y0;z2;+0]1[C;y1;z2;D3;+0](=[O;+0])[C;D2;+0][C;D4;y0;z1;+0]([C;D1;+0])([C;D1;+0])[C;D2;+0][C;D3;y1;z2;+0]1=[O;+0]	[1]	[]	CC(C)NC(C)=C1C(=O)CC(C)(C)CC1=O	CC(C)N	[]	conservative	per_rule
amine_dde_imine	[N;D2;+0:1]=;!@[C;y1;D3;+0]([C;D1;+0])-[C;D3;r6;y0;z1;+0]1[C;y1;z2;D3;+0](=[O;+0])[C;D2;+0][C;D4;y0;z1;+0]([C;D1;+0])([C;D1;+0])[C;D2;+0][C;D3;y1;z2;+0]1=[O;+0]	[1]	[]	CC(C)N=C(C)C1C(=O)CC(C)(C)CC1=O	CC(C)N	[]	conservative	per_rule
amine_ivdde_enamine	[N;D2,D3;+0:1]-;!@[C;z2;y1;D3;+0]([C;D2;y0;z1;+0][C;D3;y0;z1;+0]([C;D1;+0])[C;D1;+0])=[C;D3;r6;y0;z2;+0]1[C;y1;z2;D3;+0](=[O;+0])[C;D2;+0][C;D4;y0;z1;+0]([C;D1;+0])([C;D1;+0])[C;D2;+0][C;D3;y1;z2;+0]1=[O;+0]	[1]	[]	CC(C)CC(NC(C)C)=C1C(=O)CC(C)(C)CC1=O	CC(C)N	[]	conservative	per_rule
amine_ivdde_imine	[N;D2;+0:1]=;!@[C;y1;D3;+0]([C;D2;y0;z1;+0][C;D3;y0;z1;+0]([C;D1;+0])[C;D1;+0])-[C;D3;r6;y0;z1;+0]1[C;y1;z2;D3;+0](=[O;+0])[C;D2;+0][C;D4;y0;z1;+0]([C;D1;+0])([C;D1;+0])[C;D2;+0][C;D3;y1;z2;+0]1=[O;+0]	[1]	[]	CC(C)CC(=NC(C)C)C1C(=O)CC(C)(C)CC1=O	CC(C)N	[]	conservative	per_rule
amine_benzyl	[N;D2,D3;+0:1]-;!@[C;D2;z1;y1;+0]-[C;a;r6;+0]:1:[C;D2;+0]:[C;D2;+0]:[C;D2;+0]:[C;D2;+0]:[C;D2;+0]:1	[1]	[]	CC(C)NCc1ccccc1	CC(C)N	[]	aggressive	per_rule
amine_methoxy_benzyl	[N;D2,D3;+0:1]-;!@[C;D2;z1;y1;+0]-[C;a;r6;+0]:1:[C;D2;+0]:[C;D2;+0]:[C;D3;y1;+0]([O;D2;y0;+0][C;D1;+0]):[C;D2;+0]:[C;D2;+0]:1	[1]	[]	CC(C)NCc1ccc(OC)cc1	CC(C)N	[]	aggressive	per_rule
amine_dimethoxybenzyl	[N;D2,D3;+0:1]-;!@[C;D2;z1;y1;+0]-[C;a;r6;+0]:1:[C;D3;y1;+0]([O;D2;y0;+0][C;D1;+0]):[C;D2;+0]:[C;D3;y1;+0]([O;D2;y0;+0][C;D1;+0]):[C;D2;+0]:[C;D2;+0]:1	[1]	[]	CC(C)NCc1c(OC)cc(OC)cc1	CC(C)N	[]	aggressive	per_rule
amine_mtt	[N;D2,D3;+0:1]-;!@[C;D4;z1;y1;+0](-[C;a;r6;+0]:1:[C;D2;+0]:[C;D2;+0]:[C;D3;y0;+0]([C;D1;+0]):[C;D2;+0]:[C;D2;+0]:1)(-[C;a;r6;+0]:1:[C;D2;+0]:[C;D2;+0]:[C;D2;+0]:[C;D2;+0]:[C;D2;+0]:1)-[C;a;r6;+0]:1:[C;D2;+0]:[C;D2;+0]:[C;D2;+0]:[C;D2;+0]:[C;D2;+0]:1	[1]	[]	CC(C)NC(c1ccccc1)(c1ccccc1)c1ccc(C)cc1	CC(C)N	[]	conservative	per_rule
amine_bhoc	[N;D2,D3;+0:1]-;!@[C;z2;y3;+0](=[O;+0])[O;D2;y0;+0]-[C;D3;z1;y1;+0](-[C;a;r6;+0]:1:[C;D2;+0]:[C;D2;+0]:[C;D2;+0]:[C;D2;+0]:[C;D2;+0]:1)-[C;a;r6;+0]:1:[C;D2;+0]:[C;D2;+0]:[C;D2;+0]:[C;D2;+0]:[C;D2;+0]:1	[1]	[]	CNC(=O)OC(c1ccccc1)c1ccccc1	CN	[]	conservative	per_rule
amine_tritil	[N;D2,D3;+0:1]-;!@[C;D4;z1;y1;+0](-[C;a;r6;+0]:1:[C;D2;+0]:[C;D2;+0]:[C;D2;+0]:[C;D2;+0]:[C;D2;+0]:1)(-[C;a;r6;+0]:1:[C;D2;+0]:[C;D2;+0]:[C;D2;+0]:[C;D2;+0]:[C;D2;+0]:1)-[C;a;r6;+0]:1:[C;D2;+0]:[C;D2;+0]:[C;D2;+0]:[C;D2;+0]:[C;D2;+0]:1	[1]	[]	CC(C)NC(c1ccccc1)(c1ccccc1)c1ccccc1	CC(C)N	[]	conservative	per_rule
amine_chloro_tritil	[N;D2,D3;+0:1]-;!@[C;D4;z1;y1;+0](-[C;a;r6;+0]:1:[C;D3;y1;+0]([Cl;D1;+0]):[C;D2;+0]:[C;D2;+0]:[C;D2;+0]:[C;D2;+0]:1)(-[C;a;r6;+0]:1:[C;D2;+0]:[C;D2;+0]:[C;D2;+0]:[C;D2;+0]:[C;D2;+0]:1)-[C;a;r6;+0]:1:[C;D2;+0]:[C;D2;+0]:[C;D2;+0]:[C;D2;+0]:[C;D2;+0]:1	[1]	[]	CC(C)NC(c1c(Cl)cccc1)(c1ccccc1)c1ccccc1	CC(C)N	[]	conservative	per_rule
thiol_tritil	[S;D2;y0;z1;+0:1]-;!@[C;D4;z1;y1;+0](-[C;a;r6;+0]:1:[C;D2;+0]:[C;D2;+0]:[C;D2;+0]:[C;D2;+0]:[C;D2;+0]:1)(-[C;a;r6;+0]:1:[C;D2;+0]:[C;D2;+0]:[C;D2;+0]:[C;D2;+0]:[C;D2;+0]:1)-[C;a;r6;+0]:1:[C;D2;+0]:[C;D2;+0]:[C;D2;+0]:[C;D2;+0]:[C;D2;+0]:1	[1]	[]	CC(C)SC(c1ccccc1)(c1ccccc1)c1ccccc1	CC(C)S	[]	conservative	per_rule
thiol_mmt	[S;D2;y0;z1;+0:1]-;!@[C;D4;z1;y1;+0](-[C;a;r6;+0]:1:[C;D2;+0]:[C;D2;+0]:[C;D3;y1;+0]([O;D2;y0;+0][C;D1;+0]):[C;D2;+0]:[C;D2;+0]:1)(-[C;a;r6;+0]:1:[C;D2;+0]:[C;D2;+0]:[C;D2;+0]:[C;D2;+0]:[C;D2;+0]:1)-[C;a;r6;+0]:1:[C;D2;+0]:[C;D2;+0]:[C;D2;+0]:[C;D2;+0]:[C;D2;+0]:1	[1]	[]	c1ccc(cc1)C(SC(C)C)(c1ccccc1)c1ccc(OC)cc1	CC(C)S	[]	conservative	per_rule
thiol_dimetoxy_tritil	[S;D2;y0;z1;+0:1]-;!@[C;D4;z1;y1;+0](-[C;a;r6;+0]:1:[C;D2;+0]:[C;D2;+0]:[C;D3;y1;+0]([O;D2;y0;+0][C;D1;+0]):[C;D2;+0]:[C;D2;+0]:1)(-[C;a;r6;+0]:1:[C;D2;+0]:[C;D2;+0]:[C;D3;y1;+0]([O;D2;y0;+0][C;D1;+0]):[C;D2;+0]:[C;D2;+0]:1)-[C;a;r6;+0]:1:[C;D2;+0]:[C;D2;+0]:[C;D2;+0]:[C;D2;+0]:[C;D2;+0]:1	[1]	[]	COc1ccc(cc1)C(SC(C)C)(c1ccccc1)c1ccc(OC)cc1	CC(C)S	[]	conservative	per_rule
thiol_chloro_tritil	[S;D2;y0;z1;+0:1]-;!@[C;D4;z1;y1;+0](-[C;a;r6;+0]:1:[C;D3;y1;+0]([Cl;D1;+0]):[C;D2;+0]:[C;D2;+0]:[C;D2;+0]:[C;D2;+0]:1)(-[C;a;r6;+0]:1:[C;D2;+0]:[C;D2;+0]:[C;D2;+0]:[C;D2;+0]:[C;D2;+0]:1)-[C;a;r6;+0]:1:[C;D2;+0]:[C;D2;+0]:[C;D2;+0]:[C;D2;+0]:[C;D2;+0]:1	[1]	[]	CC(C)SC(c1c(Cl)cccc1)(c1ccccc1)c1ccccc1	CC(C)S	[]	conservative	per_rule
thiol_benzyl	[S;D2;y0;z1;+0:1]-;!@[C;D2;z1;y1;+0]-[C;a;r6;+0]:1:[C;D2;+0]:[C;D2;+0]:[C;D2;+0]:[C;D2;+0]:[C;D2;+0]:1	[1]	[]	CC(C)SCc1ccccc1	CC(C)S	[]	aggressive	per_rule
thiol_tbu	[S;D2;y0;z1;+0:1]-;!@[C;D4;y1;z1;+0]([C;D1;+0])([C;D1;+0])[C;D1;+0]	[1]	[]	CC(C)SC(C)(C)C	CC(C)S	[]	aggressive	per_rule
thiol_stbu	[S;D2;y1;z1;+0:1]-;!@[S;D2;z1;y1;+0]-[C;D4;y1;z1;+0]([C;D1;+0])([C;D1;+0])[C;D1;+0]	[1]	[]	CC(C)SSC(C)(C)C	CC(C)S	[]	conservative	per_rule
thiol_strimethoxyphenyl	[S;D2;y1;z1;+0:1]-;!@[S;D2;z1;y1;+0]-[C;a;r6;+0]:1:[C;D3;y1;+0]([O;D2;y0;+0][C;D1;+0]):[C;D2;+0]:[C;D3;y1;+0]([O;D2;y0;+0][C;D1;+0]):[C;D2;+0]:[C;D3;y1;+0]:1[O;D2;y0;+0][C;D1;+0]	[1]	[]	COc1cc(OC)c(SSC(C)C)c(OC)c1	CC(C)S	[]	conservative	per_rule
thiol_amine_dimethoxybenzyl	[S;D2;r5;y0;z1;+0:1]1[C;+0:3][C;+0:4][N;z1;+0:2]-[C;D3;y2;z1;+0]1-[C;a;r6;+0]:1:[C;D3;y1;+0]([O;D2;y0;+0][C;D1;+0]):[C;D2;+0]:[C;D3;y1;+0]([O;D2;y0;+0][C;D1;+0]):[C;D2;+0]:[C;D2;+0]:1	[1,2,3,4]	[]	COC1=CC=C(C2NC(C)CS2)C(OC)=C1	NC(C)CS	[]	conservative	per_rule
hydroxyl_boc	[O;D2;+0:1]-;!@[C;z2;y3;+0](=[O;+0])[O;D2;y0;+0]-[C;D4;y1;z1;+0]([C;D1;+0])([C;D1;+0])[C;D1;+0]	[1]	[]	CC(C)OC(=O)OC(C)(C)C	CC(C)O	[]	conservative	per_rule
hydroxyl_tbu	[O;D2;+0:1]-;!@[C;D4;y1;z1;+0]([C;D1;+0])([C;D1;+0])[C;D1;+0]	[1]	[]	CC(C)OC(C)(C)C	CC(C)O	[]	aggressive	per_rule
hydroxyl_allyl	[O;D2;+0:1]-;!@[C;D2;z1;y1;+0][C;D2;y0;z2;+0]=[C;D1;+0]	[1]	[]	CC(C)OCC=C	CC(C)O	[]	conservative	per_rule
hydroxyl_benzyl	[O;D2;+0:1]-;!@[C;D2;z1;y1;+0]-[C;a;r6;+0]:1:[C;D2;+0]:[C;D2;+0]:[C;D2;+0]:[C;D2;+0]:[C;D2;+0]:1	[1]	[]	CC(C)OCc1ccccc1	CC(C)O	"[""CC(C)OCc1cccc(C)c1"",""CC(C)OC(C)c1ccccc1""]"	aggressive	per_rule
hydroxyl_acyl	[O;D2;+0:1]-;!@[C;z2;y2;+0](=[O;+0])-[C;D1;+0]	[1]	[]	CC(C)OC(=O)C	CC(C)O	"[""CC(C)OC(=O)CC""]"	aggressive	per_rule
hydroxyl_methyl	[O;D2;+0:1]-;!@[C;D1;+0]	[1]	[]	CC(C)OC	CC(C)O	"[""CC(C)OCC""]"	aggressive	per_rule
